{"Name": "Dressers_Od32ea272d9d0_lod0", "Source": "B071P9WJBT", "Timestamp": 1595342015, "BoundingBox": {"MinPoint": {"x": -0.8280094861984253, "y": -0.27698004245758057, "z": -3.208243981589476e-08}, "MaxPoint": {"x": 0.8281718492507935, "y": 0.2863438129425049, "z": 0.9318161010742188}}, "Type": "dressers", "Category": "dressers", "Width": 1.6561813354492188, "Length": 0.5633238554000854, "Orientation": 4.71238898038469}