{"Name": "FloorLamps_O84057e8e96e3_lod0", "Source": "B073772DH1", "Timestamp": 1595342062, "BoundingBox": {"MinPoint": {"x": -0.24657230079174042, "y": -1.2486040592193604, "z": -4.7000908125482965e-06}, "MaxPoint": {"x": 0.24645866453647614, "y": 0.18500007688999176, "z": 1.9269355535507202}}, "Type": "floor-lamps", "Category": "floor-lamps", "Width": 0.49303096532821655, "Length": 1.4336041361093521, "Orientation": 4.71238898038469}