{"Name": "HomeOfficeDesks_O19496d17b1b5_lod0", "Source": "B07QC85X9J", "Timestamp": 1594393203, "BoundingBox": {"MinPoint": {"x": -0.6816668510437012, "y": -0.2993321716785431, "z": -3.9184005373726905e-08}, "MaxPoint": {"x": 0.689943790435791, "y": 0.3003929555416107, "z": 0.7611818313598633}}, "Type": "home-office-desks", "Category": "home-office-desks", "Width": 1.3716106414794922, "Length": 0.5997251272201538, "Orientation": 4.71238898038469}