{"Name": "Dressers_Ofd64b14db4b9_lod0", "Source": "B071FJR479", "Timestamp": 1595341964, "BoundingBox": {"MinPoint": {"x": -0.761665403842926, "y": -0.27305227518081665, "z": -5.4607411925644556e-08}, "MaxPoint": {"x": 0.761692225933075, "y": 0.2393135279417038, "z": 0.8887203335762024}}, "Type": "dressers", "Category": "dressers", "Width": 1.523357629776001, "Length": 0.5123658031225204, "Orientation": 4.71238898038469}